[
  {
    "Id": 1,
    "FirstName": "Ja",
    "LastName": "Morant",
    "Salary": 52000,
    "DateOfBirth": "1999-08-10T00:00:00",
    "Dependents": [
      {
        "Id": 1,
        "FirstName": "ASpouse",
        "LastName": "Morant",
        "DateOfBirth": "1998-03-03T00:00:00",
        "Relationship": 1
      },
      {
        "Id": 2,
        "FirstName": "Child1",
        "LastName": "Morant",
        "DateOfBirth": "2020-06-23T00:00:00",
        "Relationship": 3
      },
      {
        "Id": 3,
        "FirstName": "Child2",
        "LastName": "Morant",
        "DateOfBirth": "2021-05-18T00:00:00",
        "Relationship": 3
      }
    ]
  },
  {
    "Id": 2,
    "FirstName": "Michael",
    "LastName": "Jordan",
    "Salary": 52000,
    "DateOfBirth": "1999-08-10T00:00:00",
    "Dependents": [
      {
        "Id": 4,
        "FirstName": "Child1",
        "LastName": "Jordan",
        "DateOfBirth": "2020-06-23T00:00:00",
        "Relationship": 3
      },
      {
        "Id": 5,
        "FirstName": "Child2",
        "LastName": "AJordan",
        "DateOfBirth": "2021-05-18T00:00:00",
        "Relationship": 3
      }
    ]
  },
  {
    "Id": 3,
    "FirstName": "Lebron",
    "LastName": "James",
    "Salary": 52000,
    "DateOfBirth": "1999-08-10T00:00:00",
    "Dependents": [
      {
        "Id": 6,
        "FirstName": "ASpouse",
        "LastName": "James",
        "DateOfBirth": "1998-03-03T00:00:00",
        "Relationship": 1
      },
      {
        "Id": 7,
        "FirstName": "Child1",
        "LastName": "James",
        "DateOfBirth": "2020-06-23T00:00:00",
        "Relationship": 3
      },
      {
        "Id": 8,
        "FirstName": "Child2",
        "LastName": "AJames",
        "DateOfBirth": "2021-05-18T00:00:00",
        "Relationship": 3
      }
    ]
  },
  {
    "Id": 4,
    "FirstName": "aaaaEmployee",
    "LastName": "aaaaNew",
    "Salary": 52000,
    "DateOfBirth": "1156-09-05T00:00:00",
    "Dependents": [
      {
        "Id": 9,
        "FirstName": "aaadep",
        "LastName": "anotherdep",
        "DateOfBirth": "0005-05-06T00:00:00",
        "Relationship": 2
      }
    ]
  }
]